Time,test
0.0
1.7833333333333332
3.105128205128205
4.247082228116711
5.32386728176081
6.371454008759302
7.403702103007396
8.426954199034059
9.444496467537025
10.458194341848403
11.469182963263167
12.478191757861543
13.485710430321825
14.492079781417342
15.497544214543451
16.502283519899393
17.50643287660365
18.510095865899956
19.513353184790112
20.516268629444664
21.518893296078655
22.52126858907638
23.523428413347744
24.525400797694832
25.527209114232267
26.52887300639815
27.530409103650292
28.531831577916755
29.533152581206874
30.534382592963823
31.53553069814783
32.53660481164223
33.53761186068958
34.538557934236216
35.539448405980295
36.540288036370114
37.54108105763616
38.54183124505985
39.542541977009115
40.5432162857531
41.54385690066678
42.54446628512238
43.54504666811816
44.54560007149981
45.54612833347476
46.54663312899503
47.54711598748464
48.54757830830648
49.54802137429794
50.54844636365081
51.548854360367024
52.54924636348548
53.549623295245205
54.54998600832523
55.55033529228066
56.550671879277274
57.55099644921212
58.55130963429555
59.55161202315958
60.55190416454874
61.55218657064214
